caseNumber,date,url,status,error
"761/28725/18","01.01.2019","https://reyestr.court.gov.ua/Review/101754207","ok",""
"757/9082/20","01.01.2019","https://reyestr.court.gov.ua/Review/103466928","ok",""
"910/12556/20","01.01.2019","https://reyestr.court.gov.ua/Review/104827528","ok",""
"144/721/21","01.01.2019","https://reyestr.court.gov.ua/Review/106454403","ok",""
"748/2075/19","01.01.2019","https://reyestr.court.gov.ua/Review/106621771","ok",""
"742/59/20","01.01.2019","https://reyestr.court.gov.ua/Review/107393064","ok",""
"289/85/22","01.01.2019","https://reyestr.court.gov.ua/Review/109019008","ok",""
"683/944/20","01.01.2019","https://reyestr.court.gov.ua/Review/109273637","ok",""
"439/548/19","01.01.2019","https://reyestr.court.gov.ua/Review/109303220","ok",""
"931/530/20","01.01.2019","https://reyestr.court.gov.ua/Review/120314078","ok",""
"420/1717/22","01.01.2019","https://reyestr.court.gov.ua/Review/122226883","ok",""
"","01.01.2019","https://reyestr.court.gov.ua/Review/125379872","ok",""
"454/910/13","14.03.2025","https://reyestr.court.gov.ua/Review/125825782","ok",""
"755/2715/24","01.01.2019","https://reyestr.court.gov.ua/Review/125876626","ok",""
"554/13969/22","01.01.2019","https://reyestr.court.gov.ua/Review/126610144","ok",""
"308/6999/22","01.01.2019","https://reyestr.court.gov.ua/Review/126874135","ok",""
"752/10464/22","01.01.2019","https://reyestr.court.gov.ua/Review/127077587","ok",""
"484/2665/22","01.01.2019","https://reyestr.court.gov.ua/Review/127136283","ok",""
"166/1002/24","01.01.2019","https://reyestr.court.gov.ua/Review/127297705","ok",""
"922/3727/19","01.01.2019","https://reyestr.court.gov.ua/Review/128522674","ok",""
"320/4891/19","01.01.2019","https://reyestr.court.gov.ua/Review/129257562","ok",""
"911/153/24","01.01.2019","https://reyestr.court.gov.ua/Review/130025549","ok",""
"560/18255/24","01.01.2019","https://reyestr.court.gov.ua/Review/132494609","ok",""
"522/7119/23","01.01.2019","https://reyestr.court.gov.ua/Review/133947079","ok",""
"648/2416/16","01.01.2019","https://reyestr.court.gov.ua/Review/71588866","ok",""
"760/9269/15","16.01.2018","https://reyestr.court.gov.ua/Review/71588880","ok",""
"7075/12/2670","01.01.2019","https://reyestr.court.gov.ua/Review/71630425","ok",""
"1570/7146/12","01.01.2019","https://reyestr.court.gov.ua/Review/71692623","ok",""
"1870/5800/12","01.01.2019","https://reyestr.court.gov.ua/Review/71766569","ok",""
"607/83/16","01.01.2019","https://reyestr.court.gov.ua/Review/71779877","ok",""
"203/6039/15","26.01.2018","https://reyestr.court.gov.ua/Review/71807643","ok",""
"914/801/17","26.01.2018","https://reyestr.court.gov.ua/Review/71828943","ok",""
"19379/11/2670","01.01.2019","https://reyestr.court.gov.ua/Review/71829439","ok",""
"826/3807/14","01.01.2019","https://reyestr.court.gov.ua/Review/71829445","ok",""
"810/2509/17","01.01.2019","https://reyestr.court.gov.ua/Review/71838094","ok",""
"810/2839/17","01.01.2019","https://reyestr.court.gov.ua/Review/71939061","ok",""
"743/1641/15","01.01.2019","https://reyestr.court.gov.ua/Review/71952621","ok",""
"825/308/17","01.01.2019","https://reyestr.court.gov.ua/Review/71979241","ok",""
"816/166/15","01.01.2019","https://reyestr.court.gov.ua/Review/72029159","ok",""
"804/4940/14","01.01.2019","https://reyestr.court.gov.ua/Review/72029288","ok",""
"757/25503/15","01.01.2019","https://reyestr.court.gov.ua/Review/72044098","ok",""
"804/11813/13","01.01.2019","https://reyestr.court.gov.ua/Review/72089149","ok",""
"333/7100/15","01.01.2019","https://reyestr.court.gov.ua/Review/72151002","ok",""
"465/8060/15","01.01.2019","https://reyestr.court.gov.ua/Review/72151138","ok",""
"820/2124/16","01.01.2019","https://reyestr.court.gov.ua/Review/72288714","ok",""
"820/3061/17","01.01.2019","https://reyestr.court.gov.ua/Review/72289056","ok",""
"308/6260/17","01.01.2019","https://reyestr.court.gov.ua/Review/72289104","ok",""
"820/6514/17","01.01.2019","https://reyestr.court.gov.ua/Review/72290243","ok",""
"826/12244/14","01.01.2019","https://reyestr.court.gov.ua/Review/72338818","ok",""
"813/4931/13","01.01.2019","https://reyestr.court.gov.ua/Review/72338954","ok",""
"803/879/17","01.01.2019","https://reyestr.court.gov.ua/Review/72364288","ok",""
"691/1375/16","01.01.2019","https://reyestr.court.gov.ua/Review/72364885","ok",""
"813/2617/15","01.01.2019","https://reyestr.court.gov.ua/Review/72367032","ok",""
"809/117/13","01.01.2019","https://reyestr.court.gov.ua/Review/72367142","ok",""
"808/1092/17","01.01.2019","https://reyestr.court.gov.ua/Review/72404832","ok",""
"826/4194/16","01.01.2019","https://reyestr.court.gov.ua/Review/72486407","ok",""
"811/2154/13","01.01.2019","https://reyestr.court.gov.ua/Review/72486543","ok",""
"808/918/17","01.01.2019","https://reyestr.court.gov.ua/Review/72486577","ok",""
"826/1513/17","01.01.2019","https://reyestr.court.gov.ua/Review/72486595","ok",""
"808/849/17","01.01.2019","https://reyestr.court.gov.ua/Review/72486610","ok",""
"761/3388/15","01.03.2018","https://reyestr.court.gov.ua/Review/72489638","ok",""
"818/584/17","01.01.2019","https://reyestr.court.gov.ua/Review/72532221","ok",""
"925/1121/17","07.03.2018","https://reyestr.court.gov.ua/Review/72616760","ok",""
"761/1812/16","01.01.2019","https://reyestr.court.gov.ua/Review/72670182","ok",""
"923/410/16","13.03.2018","https://reyestr.court.gov.ua/Review/72693013","ok",""
"826/13138/15","01.01.2019","https://reyestr.court.gov.ua/Review/72791398","ok",""
"811/1917/14","01.01.2019","https://reyestr.court.gov.ua/Review/72850798","ok",""
"826/10318/16","01.01.2019","https://reyestr.court.gov.ua/Review/72900091","ok",""
"910/4997/17","23.03.2018","https://reyestr.court.gov.ua/Review/72939194","ok",""
"","25.03.2018","https://reyestr.court.gov.ua/Review/72940323","ok",""
"803/3643/15","01.01.2019","https://reyestr.court.gov.ua/Review/72965100","ok",""
"463/952/15","01.01.2019","https://reyestr.court.gov.ua/Review/72970068","ok",""
"911/1668/17","30.03.2018","https://reyestr.court.gov.ua/Review/73081637","ok",""
"812/292/18","01.01.2019","https://reyestr.court.gov.ua/Review/73108956","ok",""
"725/3212/16","01.01.2019","https://reyestr.court.gov.ua/Review/73125018","ok",""
"569/12305/15","01.01.2019","https://reyestr.court.gov.ua/Review/73157041","ok",""
"914/758/17","01.01.2019","https://reyestr.court.gov.ua/Review/73160763","ok",""
"804/112/17","01.01.2019","https://reyestr.court.gov.ua/Review/73173399","ok",""
"569/5311/17","01.01.2019","https://reyestr.court.gov.ua/Review/73194457","ok",""
"415/2542/15","01.01.2019","https://reyestr.court.gov.ua/Review/73219876","ok",""
"925/258/17","06.04.2018","https://reyestr.court.gov.ua/Review/73250067","ok",""
"914/940/17","01.01.2019","https://reyestr.court.gov.ua/Review/73277894","ok",""
"916/4557/14","11.04.2018","https://reyestr.court.gov.ua/Review/73278044","ok",""
"826/28012/15","01.01.2019","https://reyestr.court.gov.ua/Review/73289095","ok",""
"753/4687/17","01.01.2019","https://reyestr.court.gov.ua/Review/73304730","ok",""
"334/5144/15","01.01.2019","https://reyestr.court.gov.ua/Review/73304733","ok",""
"280/1539/15","01.01.2019","https://reyestr.court.gov.ua/Review/73335584","ok",""
"923/522/17","13.04.2018","https://reyestr.court.gov.ua/Review/73353729","ok",""
"826/6071/16","01.01.2019","https://reyestr.court.gov.ua/Review/73354597","ok",""
"826/1571/16","01.01.2019","https://reyestr.court.gov.ua/Review/73355014","ok",""
"808/2519/16","01.01.2019","https://reyestr.court.gov.ua/Review/73355244","ok",""
"804/401/17","01.01.2019","https://reyestr.court.gov.ua/Review/73355377","ok",""
"910/13411/17","13.04.2018","https://reyestr.court.gov.ua/Review/73359499","ok",""
"927/291/17","01.01.2019","https://reyestr.court.gov.ua/Review/73438177","ok",""
"911/4249/16","01.01.2019","https://reyestr.court.gov.ua/Review/73438211","ok",""
"809/322/17","01.01.2019","https://reyestr.court.gov.ua/Review/73468348","ok",""
"758/1303/15","01.01.2019","https://reyestr.court.gov.ua/Review/73469624","ok",""
"826/2032/16","01.01.2019","https://reyestr.court.gov.ua/Review/73486755","ok",""
"826/8107/16","01.01.2019","https://reyestr.court.gov.ua/Review/73487448","ok",""
"906/621/17","01.01.2019","https://reyestr.court.gov.ua/Review/73532345","ok",""
"914/940/17","01.01.2019","https://reyestr.court.gov.ua/Review/73533070","ok",""
"905/1198/17","23.04.2018","https://reyestr.court.gov.ua/Review/73564995","ok",""
"0370/205/12","01.01.2019","https://reyestr.court.gov.ua/Review/73604874","ok",""
"756/9528/15","01.01.2019","https://reyestr.court.gov.ua/Review/73627636","ok",""
"910/10156/17","01.01.2019","https://reyestr.court.gov.ua/Review/73627931","ok",""
"646/6250/17","01.01.2019","https://reyestr.court.gov.ua/Review/73634676","ok",""
"805/4337/16","01.01.2019","https://reyestr.court.gov.ua/Review/73634702","ok",""
"683/2843/17","01.01.2019","https://reyestr.court.gov.ua/Review/73657845","ok",""
"820/4064/17","01.01.2019","https://reyestr.court.gov.ua/Review/73700692","ok",""
"904/8146/17","03.05.2018","https://reyestr.court.gov.ua/Review/73730293","ok",""
"360/1438/16","04.05.2018","https://reyestr.court.gov.ua/Review/73758679","ok",""
"908/1394/17","04.05.2018","https://reyestr.court.gov.ua/Review/73761551","ok",""
"904/4306/17","05.05.2018","https://reyestr.court.gov.ua/Review/73793180","ok",""
"824/973/16","01.01.2019","https://reyestr.court.gov.ua/Review/73837573","ok",""
"810/3188/17","01.01.2019","https://reyestr.court.gov.ua/Review/73843674","ok",""
"819/1605/17","01.01.2019","https://reyestr.court.gov.ua/Review/73874470","ok",""
"910/5883/14","11.05.2018","https://reyestr.court.gov.ua/Review/73901407","ok",""
"826/1975/17","01.01.2019","https://reyestr.court.gov.ua/Review/73902006","ok",""
"279/12162/15","01.01.2019","https://reyestr.court.gov.ua/Review/73902387","ok",""
"813/6770/13","01.01.2019","https://reyestr.court.gov.ua/Review/74022204","ok",""
"317/1508/17","01.01.2019","https://reyestr.court.gov.ua/Review/74064575","ok",""
"810/2316/16","01.01.2019","https://reyestr.court.gov.ua/Review/74078038","ok",""
"826/15718/14","01.01.2019","https://reyestr.court.gov.ua/Review/74098354","ok",""
"804/4483/17","01.01.2019","https://reyestr.court.gov.ua/Review/74135468","ok",""
"811/1508/16","01.01.2019","https://reyestr.court.gov.ua/Review/74173132","ok",""
"820/4605/17","01.01.2019","https://reyestr.court.gov.ua/Review/74203938","ok",""
"503/610/16","01.01.2019","https://reyestr.court.gov.ua/Review/74218524","ok",""
"904/8712/17","01.01.2019","https://reyestr.court.gov.ua/Review/74221146","ok",""
"910/11527/17","24.05.2018","https://reyestr.court.gov.ua/Review/74221199","ok",""
"916/1802/15","01.01.2019","https://reyestr.court.gov.ua/Review/74221248","ok",""
"903/744/16","29.05.2018","https://reyestr.court.gov.ua/Review/74281658","ok",""
"914/143/17","01.06.2018","https://reyestr.court.gov.ua/Review/74378050","ok",""
"914/1744/17","04.06.2018","https://reyestr.court.gov.ua/Review/74411410","ok",""
"910/22696/16","01.01.2019","https://reyestr.court.gov.ua/Review/74440166","ok",""
"813/1276/16","01.01.2019","https://reyestr.court.gov.ua/Review/74520273","ok",""
"212/1268/13","01.01.2019","https://reyestr.court.gov.ua/Review/74536785","ok",""
"816/2224/15","01.01.2019","https://reyestr.court.gov.ua/Review/74549629","ok",""
"809/1139/17","01.01.2019","https://reyestr.court.gov.ua/Review/74550025","ok",""
"910/856/17","01.01.2019","https://reyestr.court.gov.ua/Review/74598911","ok",""
"826/18483/13","01.01.2019","https://reyestr.court.gov.ua/Review/74616858","ok",""
"910/16713/15","01.01.2019","https://reyestr.court.gov.ua/Review/74660029","ok",""
"826/11931/17","01.01.2019","https://reyestr.court.gov.ua/Review/74670809","ok",""
"910/10134/17","14.06.2018","https://reyestr.court.gov.ua/Review/74670992","ok",""
"826/8121/16","01.01.2019","https://reyestr.court.gov.ua/Review/74672170","ok",""
"910/12967/17","15.06.2018","https://reyestr.court.gov.ua/Review/74691824","ok",""
"588/926/17","01.01.2019","https://reyestr.court.gov.ua/Review/74777251","ok",""
"905/1026/17","01.01.2019","https://reyestr.court.gov.ua/Review/74809440","ok",""
"820/2384/17","01.01.2019","https://reyestr.court.gov.ua/Review/74820735","ok",""
"638/21180/15","01.01.2019","https://reyestr.court.gov.ua/Review/74838741","ok",""
"500/6325/17","01.01.2019","https://reyestr.court.gov.ua/Review/74838781","ok",""
"372/3411/15","01.01.2019","https://reyestr.court.gov.ua/Review/74870713","ok",""
"819/1775/17","01.01.2019","https://reyestr.court.gov.ua/Review/74870729","ok",""
"914/228/18","01.01.2019","https://reyestr.court.gov.ua/Review/74882223","ok",""
"338/180/17","01.01.2019","https://reyestr.court.gov.ua/Review/74963905","ok",""
"922/2756/17","01.01.2019","https://reyestr.court.gov.ua/Review/74991676","ok",""
"915/825/17","27.06.2018","https://reyestr.court.gov.ua/Review/74991702","ok",""
"9901/38006/18","01.01.2019","https://reyestr.court.gov.ua/Review/74991819","ok",""
"161/14506/16","01.01.2019","https://reyestr.court.gov.ua/Review/74992429","ok",""
"909/42/17","01.01.2019","https://reyestr.court.gov.ua/Review/75081954","ok",""
"914/2026/17","04.07.2018","https://reyestr.court.gov.ua/Review/75082308","ok",""
"799/3487/16","05.07.2018","https://reyestr.court.gov.ua/Review/75099166","ok",""
"905/448/17","01.01.2019","https://reyestr.court.gov.ua/Review/75133474","ok",""
"222/250/15","01.01.2019","https://reyestr.court.gov.ua/Review/75227825","ok",""
"496/4271/16","01.01.2019","https://reyestr.court.gov.ua/Review/75241940","ok",""
"906/429/17","01.01.2019","https://reyestr.court.gov.ua/Review/75253500","ok",""
"922/1898/17","01.01.2019","https://reyestr.court.gov.ua/Review/75253516","ok",""
"608/940/14","01.01.2019","https://reyestr.court.gov.ua/Review/75265632","ok",""
"910/9072/17","13.07.2018","https://reyestr.court.gov.ua/Review/75265948","ok",""
"922/3581/17","01.01.2019","https://reyestr.court.gov.ua/Review/75270621","ok",""
"380/63/16","01.01.2019","https://reyestr.court.gov.ua/Review/75286972","ok",""
"917/866/16","01.01.2019","https://reyestr.court.gov.ua/Review/75368267","ok",""
"426/5409/15","01.01.2019","https://reyestr.court.gov.ua/Review/75370757","ok",""
"910/13249/17","01.01.2019","https://reyestr.court.gov.ua/Review/75399009","ok",""
"822/1169/17","01.01.2019","https://reyestr.court.gov.ua/Review/75424056","ok",""
"0870/12304/12","01.01.2019","https://reyestr.court.gov.ua/Review/75644294","ok",""
"826/19797/16","01.01.2019","https://reyestr.court.gov.ua/Review/75645695","ok",""
"904/6396/16","01.01.2019","https://reyestr.court.gov.ua/Review/75664111","ok",""
"817/519/16","01.01.2019","https://reyestr.court.gov.ua/Review/75673535","ok",""
"754/8605/16","01.01.2019","https://reyestr.court.gov.ua/Review/75690781","ok",""
"363/2222/16","01.01.2019","https://reyestr.court.gov.ua/Review/75743859","ok",""
"758/4873/16","01.01.2019","https://reyestr.court.gov.ua/Review/75893789","ok",""
"811/841/17","01.01.2019","https://reyestr.court.gov.ua/Review/75904478","ok",""
"826/11388/16","01.01.2019","https://reyestr.court.gov.ua/Review/75906172","ok",""
"359/6814/17","01.01.2019","https://reyestr.court.gov.ua/Review/75906258","ok",""
"803/1122/17","01.01.2019","https://reyestr.court.gov.ua/Review/75906582","ok",""
"922/2998/16","01.01.2019","https://reyestr.court.gov.ua/Review/76025874","ok",""
"804/13003/15","01.01.2019","https://reyestr.court.gov.ua/Review/76113883","ok",""
"819/2484/13","01.01.2019","https://reyestr.court.gov.ua/Review/76113925","ok",""
"761/26953/15","30.08.2018","https://reyestr.court.gov.ua/Review/76128782","ok",""
"826/6382/17","01.01.2019","https://reyestr.court.gov.ua/Review/76138593","ok",""
"906/106/17","01.01.2019","https://reyestr.court.gov.ua/Review/76156162","ok",""
"463/3091/15","01.01.2019","https://reyestr.court.gov.ua/Review/76207179","ok",""
"813/179/18","01.01.2019","https://reyestr.court.gov.ua/Review/76221555","ok",""
"0370/1070/12","01.01.2019","https://reyestr.court.gov.ua/Review/76221788","ok",""
"816/1488/17","01.01.2019","https://reyestr.court.gov.ua/Review/76248076","ok",""
"219/2278/16","01.01.2019","https://reyestr.court.gov.ua/Review/76262355","ok",""
"910/14144/17","01.01.2019","https://reyestr.court.gov.ua/Review/76262657","ok",""
"161/11627/17","01.01.2019","https://reyestr.court.gov.ua/Review/76272925","ok",""
"818/1172/17","01.01.2019","https://reyestr.court.gov.ua/Review/76274872","ok",""
"824/2473/15","01.01.2019","https://reyestr.court.gov.ua/Review/76333525","ok",""
"826/7238/16","01.01.2019","https://reyestr.court.gov.ua/Review/76337962","ok",""
"5023/4388/12","01.01.2019","https://reyestr.court.gov.ua/Review/76381567","ok",""
"916/1461/16","01.01.2019","https://reyestr.court.gov.ua/Review/76385313","ok",""
"826/11623/16","01.01.2019","https://reyestr.court.gov.ua/Review/76518273","ok",""
"818/466/16","01.01.2019","https://reyestr.court.gov.ua/Review/76579539","ok",""
"912/23/18","01.01.2019","https://reyestr.court.gov.ua/Review/76609965","ok",""
"617/1460/16","01.01.2019","https://reyestr.court.gov.ua/Review/76613740","ok",""
"813/4988/13","01.01.2019","https://reyestr.court.gov.ua/Review/76614447","ok",""
"212/6977/15","01.01.2019","https://reyestr.court.gov.ua/Review/76614562","ok",""
"522/5580/16","01.01.2019","https://reyestr.court.gov.ua/Review/76649422","ok",""
"808/3046/16","01.01.2019","https://reyestr.court.gov.ua/Review/76694450","ok",""
"820/1580/16","01.01.2019","https://reyestr.court.gov.ua/Review/76695298","ok",""
"401/3246/16","01.01.2019","https://reyestr.court.gov.ua/Review/76859448","ok",""
"640/5082/17","01.01.2019","https://reyestr.court.gov.ua/Review/76905888","ok",""
"804/2304/18","01.01.2019","https://reyestr.court.gov.ua/Review/76905908","ok",""
"712/10864/16","01.01.2019","https://reyestr.court.gov.ua/Review/76912513","ok",""
"910/2915/18","01.01.2019","https://reyestr.court.gov.ua/Review/76933013","ok",""
"910/1040/18","01.01.2019","https://reyestr.court.gov.ua/Review/76972611","ok",""
"927/490/18","01.01.2019","https://reyestr.court.gov.ua/Review/77012030","ok",""
"201/1431/16","11.10.2018","https://reyestr.court.gov.ua/Review/77037183","ok",""
"805/2130/17","01.01.2019","https://reyestr.court.gov.ua/Review/77045039","ok",""
"804/4221/17","01.01.2019","https://reyestr.court.gov.ua/Review/77046967","ok",""
"242/2044/15","01.01.2019","https://reyestr.court.gov.ua/Review/77136347","ok",""
"442/2307/14","01.01.2019","https://reyestr.court.gov.ua/Review/77136467","ok",""
"908/1125/17","01.01.2019","https://reyestr.court.gov.ua/Review/77149683","ok",""
"922/402/17","01.01.2019","https://reyestr.court.gov.ua/Review/77149687","ok",""
"910/6435/18","01.01.2019","https://reyestr.court.gov.ua/Review/77159130","ok",""
"804/5008/17","01.01.2019","https://reyestr.court.gov.ua/Review/77159586","ok",""
"819/982/13","01.01.2019","https://reyestr.court.gov.ua/Review/77159923","ok",""
"161/3466/16","01.01.2019","https://reyestr.court.gov.ua/Review/77196792","ok",""
"810/249/15","01.01.2019","https://reyestr.court.gov.ua/Review/77197738","ok",""
"908/2527/17","01.01.2019","https://reyestr.court.gov.ua/Review/77247916","ok",""
"918/725/17","01.01.2019","https://reyestr.court.gov.ua/Review/77247950","ok",""
"920/1222/17","01.01.2019","https://reyestr.court.gov.ua/Review/77248159","ok",""
"813/4989/17","01.01.2019","https://reyestr.court.gov.ua/Review/77248296","ok",""
"822/3692/17","01.01.2019","https://reyestr.court.gov.ua/Review/77248378","ok",""
"820/3552/17","01.01.2019","https://reyestr.court.gov.ua/Review/77249100","ok",""
"910/5065/18","01.01.2019","https://reyestr.court.gov.ua/Review/77257725","ok",""
"816/828/17","01.01.2019","https://reyestr.court.gov.ua/Review/77285554","ok",""
"161/8578/16","01.01.2019","https://reyestr.court.gov.ua/Review/77285677","ok",""
"464/4087/16","01.01.2019","https://reyestr.court.gov.ua/Review/77285702","ok",""
"714/849/16","01.01.2019","https://reyestr.court.gov.ua/Review/77286033","ok",""
"408/2391/17","01.01.2019","https://reyestr.court.gov.ua/Review/77312572","ok",""
"910/1733/18","01.01.2019","https://reyestr.court.gov.ua/Review/77312765","ok",""
"808/1746/15","01.01.2019","https://reyestr.court.gov.ua/Review/77360853","ok",""
"822/1817/18","01.01.2019","https://reyestr.court.gov.ua/Review/77361051","ok",""
"804/16486/15","01.01.2019","https://reyestr.court.gov.ua/Review/77361182","ok",""
"380/624/16","01.01.2019","https://reyestr.court.gov.ua/Review/77361939","ok",""
"491/961/16","01.01.2019","https://reyestr.court.gov.ua/Review/77397973","ok",""
"552/1027/15","01.01.2019","https://reyestr.court.gov.ua/Review/77416376","ok",""
"912/1398/18","01.01.2019","https://reyestr.court.gov.ua/Review/77431864","ok",""
"805/930/16","01.01.2019","https://reyestr.court.gov.ua/Review/77473289","ok",""
"201/4802/16","31.10.2018","https://reyestr.court.gov.ua/Review/77473711","ok",""
"804/6992/15","01.01.2019","https://reyestr.court.gov.ua/Review/77506669","ok",""
"916/1538/16","01.01.2019","https://reyestr.court.gov.ua/Review/77528053","ok",""
"926/03/18","01.01.2019","https://reyestr.court.gov.ua/Review/77528167","ok",""
"541/459/17","01.01.2019","https://reyestr.court.gov.ua/Review/77586972","ok",""
"917/1400/16","02.11.2018","https://reyestr.court.gov.ua/Review/77586997","ok",""
"222/438/17","01.01.2019","https://reyestr.court.gov.ua/Review/77607457","ok",""
"910/18195/17","01.01.2019","https://reyestr.court.gov.ua/Review/77607603","ok",""
"807/903/15","01.01.2019","https://reyestr.court.gov.ua/Review/77661592","ok",""
"607/15295/15","01.01.2019","https://reyestr.court.gov.ua/Review/77696409","ok",""
"911/3685/17","01.01.2019","https://reyestr.court.gov.ua/Review/77748740","ok",""
"910/13841/17","01.01.2019","https://reyestr.court.gov.ua/Review/77749115","ok",""
"803/780/17","01.01.2019","https://reyestr.court.gov.ua/Review/77749439","ok",""
"920/69/18","01.01.2019","https://reyestr.court.gov.ua/Review/77753801","ok",""
"922/4099/17","01.01.2019","https://reyestr.court.gov.ua/Review/77787933","ok",""
"559/443/17","01.01.2019","https://reyestr.court.gov.ua/Review/77798692","ok",""
"814/789/17","01.01.2019","https://reyestr.court.gov.ua/Review/77800429","ok",""
"398/3701/16","01.01.2019","https://reyestr.court.gov.ua/Review/77801340","ok",""
"204/3413/16","01.01.2019","https://reyestr.court.gov.ua/Review/77801491","ok",""
"553/4650/14","01.01.2019","https://reyestr.court.gov.ua/Review/77801686","ok",""
"923/285/16","01.01.2019","https://reyestr.court.gov.ua/Review/77850612","ok",""
"914/2613/17","01.01.2019","https://reyestr.court.gov.ua/Review/77850655","ok",""
"822/32/17","01.01.2019","https://reyestr.court.gov.ua/Review/77910822","ok",""
"812/292/18","01.01.2019","https://reyestr.court.gov.ua/Review/77911136","ok",""
"914/1621/17","01.01.2019","https://reyestr.court.gov.ua/Review/77983865","ok",""
"903/52/18","21.11.2018","https://reyestr.court.gov.ua/Review/77983933","ok",""
"825/986/16","01.01.2019","https://reyestr.court.gov.ua/Review/78002077","ok",""
"644/6274/16","01.01.2019","https://reyestr.court.gov.ua/Review/78011421","ok",""
"203/4901/16","01.01.2019","https://reyestr.court.gov.ua/Review/78011435","ok",""
"686/24029/16","01.01.2019","https://reyestr.court.gov.ua/Review/78011447","ok",""
"320/7065/17","01.01.2019","https://reyestr.court.gov.ua/Review/78011489","ok",""
"922/284/18","01.01.2019","https://reyestr.court.gov.ua/Review/78015935","ok",""
"808/887/17","01.01.2019","https://reyestr.court.gov.ua/Review/78022515","ok",""
"265/3453/17","01.01.2019","https://reyestr.court.gov.ua/Review/78077449","ok",""
"915/1235/17","01.01.2019","https://reyestr.court.gov.ua/Review/78082219","ok",""
"727/4730/17","01.01.2019","https://reyestr.court.gov.ua/Review/78093252","ok",""
"805/1983/17","01.01.2019","https://reyestr.court.gov.ua/Review/78129861","ok",""
"826/5011/17","01.01.2019","https://reyestr.court.gov.ua/Review/78159341","ok",""
"811/698/17","01.01.2019","https://reyestr.court.gov.ua/Review/78159452","ok",""
"826/2507/18","01.01.2019","https://reyestr.court.gov.ua/Review/78159531","ok",""
"826/5221/17","01.01.2019","https://reyestr.court.gov.ua/Review/78159547","ok",""
"820/2040/17","01.01.2019","https://reyestr.court.gov.ua/Review/78192211","ok",""
"809/2161/14","01.01.2019","https://reyestr.court.gov.ua/Review/78198177","ok",""
"912/3644/17","01.01.2019","https://reyestr.court.gov.ua/Review/78214865","ok",""
"405/5366/17","01.01.2019","https://reyestr.court.gov.ua/Review/78215405","ok",""
"813/1302/16","01.01.2019","https://reyestr.court.gov.ua/Review/78267610","ok",""
"816/125/18","01.01.2019","https://reyestr.court.gov.ua/Review/78267680","ok",""
"811/3013/14","01.01.2019","https://reyestr.court.gov.ua/Review/78276578","ok",""
"686/21222/16","01.01.2019","https://reyestr.court.gov.ua/Review/78297268","ok",""
"357/12069/14","01.01.2019","https://reyestr.court.gov.ua/Review/78297562","ok",""
"205/5830/16","01.01.2019","https://reyestr.court.gov.ua/Review/78297730","ok",""
"802/851/18","01.01.2019","https://reyestr.court.gov.ua/Review/78329854","ok",""
"806/434/16","01.01.2019","https://reyestr.court.gov.ua/Review/78329873","ok",""
"911/926/17","01.01.2019","https://reyestr.court.gov.ua/Review/78359209","ok",""
"666/557/16","01.01.2019","https://reyestr.court.gov.ua/Review/78426093","ok",""
"537/1980/16","01.01.2019","https://reyestr.court.gov.ua/Review/78428222","ok",""
"910/29707/15","01.01.2019","https://reyestr.court.gov.ua/Review/78450497","ok",""
"426/16825/16","01.01.2019","https://reyestr.court.gov.ua/Review/78470372","ok",""
"813/933/15","01.01.2019","https://reyestr.court.gov.ua/Review/78501670","ok",""
"264/3886/17","01.01.2019","https://reyestr.court.gov.ua/Review/78501834","ok",""
"915/1286/17","01.01.2019","https://reyestr.court.gov.ua/Review/78518473","ok",""
"1/5/4503","01.01.2019","https://reyestr.court.gov.ua/Review/78518572","ok",""
"9247/10/0570","01.01.2019","https://reyestr.court.gov.ua/Review/78528168","ok",""
"910/19775/17","17.12.2018","https://reyestr.court.gov.ua/Review/78584532","ok",""
"826/14131/16","01.01.2019","https://reyestr.court.gov.ua/Review/78588940","ok",""
"810/1726/16","01.01.2019","https://reyestr.court.gov.ua/Review/78626568","ok",""
"339/388/16","01.01.2019","https://reyestr.court.gov.ua/Review/78627412","ok",""
"766/11611/17","01.01.2019","https://reyestr.court.gov.ua/Review/78627777","ok",""
"820/4895/18","01.01.2019","https://reyestr.court.gov.ua/Review/78668536","ok",""
"362/7975/15","01.01.2019","https://reyestr.court.gov.ua/Review/78680426","ok",""
"757/28092/16","01.01.2019","https://reyestr.court.gov.ua/Review/78715300","ok",""
"127/16580/17","01.01.2019","https://reyestr.court.gov.ua/Review/78715519","ok",""
"925/1646/17","01.01.2019","https://reyestr.court.gov.ua/Review/78715811","ok",""
"521/17982/16","01.01.2019","https://reyestr.court.gov.ua/Review/78750578","ok",""
"264/268/17","01.01.2019","https://reyestr.court.gov.ua/Review/78750931","ok",""
"524/3878/16","01.01.2019","https://reyestr.court.gov.ua/Review/78771236","ok",""
"803/1166/16","01.01.2019","https://reyestr.court.gov.ua/Review/78771312","ok",""
"916/563/14","01.01.2019","https://reyestr.court.gov.ua/Review/78807947","ok",""
"826/12123/16","01.01.2019","https://reyestr.court.gov.ua/Review/78808062","ok",""
"826/5737/16","01.01.2019","https://reyestr.court.gov.ua/Review/78977414","ok",""
"906/493/16","01.01.2019","https://reyestr.court.gov.ua/Review/78977571","ok",""
"712/3405/16","01.01.2019","https://reyestr.court.gov.ua/Review/78977812","ok",""
"758/7357/17","01.01.2019","https://reyestr.court.gov.ua/Review/78978470","ok",""
"331/5812/15","03.01.2019","https://reyestr.court.gov.ua/Review/78978877","ok",""
"821/81/16","01.01.2019","https://reyestr.court.gov.ua/Review/78986544","ok",""
"640/3257/17","01.01.2019","https://reyestr.court.gov.ua/Review/78986943","ok",""
"914/381/18","01.01.2019","https://reyestr.court.gov.ua/Review/79173264","ok",""
"910/15944/17","01.01.2019","https://reyestr.court.gov.ua/Review/79289524","ok",""
"922/1464/18","01.01.2019","https://reyestr.court.gov.ua/Review/79290156","ok",""
"550/491/16","01.01.2019","https://reyestr.court.gov.ua/Review/79298401","ok",""
"912/1327/17","01.01.2019","https://reyestr.court.gov.ua/Review/79313192","ok",""
"922/2055/17","01.01.2019","https://reyestr.court.gov.ua/Review/79313212","ok",""
"17/5009/5413","01.01.2019","https://reyestr.court.gov.ua/Review/79313278","ok",""
"916/400/16","01.01.2019","https://reyestr.court.gov.ua/Review/79349148","ok",""
"686/23317/13","01.01.2019","https://reyestr.court.gov.ua/Review/79365485","ok",""
"826/25099/15","01.01.2019","https://reyestr.court.gov.ua/Review/79365500","ok",""
"708/40/18","01.01.2019","https://reyestr.court.gov.ua/Review/79383420","ok",""
"240/4937/18","01.01.2019","https://reyestr.court.gov.ua/Review/79388117","ok",""
"915/828/16","01.01.2019","https://reyestr.court.gov.ua/Review/79397898","ok",""
"212/3829/15","01.01.2019","https://reyestr.court.gov.ua/Review/79412674","ok",""
"822/1832/18","01.01.2019","https://reyestr.court.gov.ua/Review/79471456","ok",""
"335/9304/17","01.01.2019","https://reyestr.court.gov.ua/Review/79472754","ok",""
"755/19954/15","01.01.2019","https://reyestr.court.gov.ua/Review/79516662","ok",""
"912/1856/16","01.01.2019","https://reyestr.court.gov.ua/Review/79545565","ok",""
"916/2130/15","01.01.2019","https://reyestr.court.gov.ua/Review/79588396","ok",""
"910/2868/16","01.01.2019","https://reyestr.court.gov.ua/Review/79588421","ok",""
"914/839/18","05.02.2019","https://reyestr.court.gov.ua/Review/79603202","ok",""
"916/3171/15","01.01.2019","https://reyestr.court.gov.ua/Review/79657580","ok",""
"910/23277/16","01.01.2019","https://reyestr.court.gov.ua/Review/79671342","ok",""
"920/220/17","01.01.2019","https://reyestr.court.gov.ua/Review/79687662","ok",""
"916/1326/17","01.01.2019","https://reyestr.court.gov.ua/Review/79687956","ok",""
"184/689/16","01.01.2019","https://reyestr.court.gov.ua/Review/79699109","ok",""
"363/1400/16","01.01.2019","https://reyestr.court.gov.ua/Review/79699300","ok",""
"910/2966/18","01.01.2019","https://reyestr.court.gov.ua/Review/79718930","ok",""
"904/322/18","01.01.2019","https://reyestr.court.gov.ua/Review/79748281","ok",""
"903/922/17","01.01.2019","https://reyestr.court.gov.ua/Review/79776431","ok",""
"545/2224/17","14.02.2019","https://reyestr.court.gov.ua/Review/79805910","ok",""
"819/829/17","01.01.2019","https://reyestr.court.gov.ua/Review/79834949","ok",""
"911/1357/18","01.01.2019","https://reyestr.court.gov.ua/Review/79834975","ok",""
"207/2838/15","01.01.2019","https://reyestr.court.gov.ua/Review/79878014","ok",""
"752/20801/17","01.01.2019","https://reyestr.court.gov.ua/Review/79957363","ok",""
"464/3790/16","01.01.2019","https://reyestr.court.gov.ua/Review/79958186","ok",""
"812/1177/18","01.01.2019","https://reyestr.court.gov.ua/Review/80034477","ok",""
"917/410/18","01.01.2019","https://reyestr.court.gov.ua/Review/80036339","ok",""
"490/53/17","01.01.2019","https://reyestr.court.gov.ua/Review/80112063","ok",""
"569/17272/15","01.01.2019","https://reyestr.court.gov.ua/Review/80116150","ok",""
"822/1185/17","01.01.2019","https://reyestr.court.gov.ua/Review/80126844","ok",""
"562/1282/17","01.01.2019","https://reyestr.court.gov.ua/Review/80127630","ok",""
"243/10392/16","01.01.2019","https://reyestr.court.gov.ua/Review/80223992","ok",""
"916/600/18","01.01.2019","https://reyestr.court.gov.ua/Review/80308689","ok",""
"25767/10/0570","01.01.2019","https://reyestr.court.gov.ua/Review/80317430","ok",""
"904/5578/18","01.01.2019","https://reyestr.court.gov.ua/Review/80366570","ok",""
"814/1375/17","01.01.2019","https://reyestr.court.gov.ua/Review/80427376","ok",""
"826/11708/17","01.01.2019","https://reyestr.court.gov.ua/Review/80457842","ok",""
"712/2564/16","01.01.2019","https://reyestr.court.gov.ua/Review/80458164","ok",""
"626/1833/15","01.01.2019","https://reyestr.court.gov.ua/Review/80458244","ok",""
"683/924/16","01.01.2019","https://reyestr.court.gov.ua/Review/80458433","ok",""
"240/6263/18","01.01.2019","https://reyestr.court.gov.ua/Review/80482567","ok",""
"495/9188/16","01.01.2019","https://reyestr.court.gov.ua/Review/80487722","ok",""
"474/424/18","01.01.2019","https://reyestr.court.gov.ua/Review/80522357","ok",""
"806/1334/16","01.01.2019","https://reyestr.court.gov.ua/Review/80548526","ok",""
"904/8223/16","01.01.2019","https://reyestr.court.gov.ua/Review/80548737","ok",""
"822/553/17","01.01.2019","https://reyestr.court.gov.ua/Review/80607116","ok",""
"826/319/17","01.01.2019","https://reyestr.court.gov.ua/Review/80610362","ok",""
"808/1032/17","01.01.2019","https://reyestr.court.gov.ua/Review/80632914","ok",""
"810/726/18","01.01.2019","https://reyestr.court.gov.ua/Review/80632931","ok",""
"419/354/17","01.01.2019","https://reyestr.court.gov.ua/Review/80632941","ok",""
"826/5635/17","01.01.2019","https://reyestr.court.gov.ua/Review/80633985","ok",""
"826/1866/17","01.01.2019","https://reyestr.court.gov.ua/Review/80681491","ok",""
"487/5015/16","01.01.2019","https://reyestr.court.gov.ua/Review/80783165","ok",""
"826/16606/17","01.01.2019","https://reyestr.court.gov.ua/Review/80783459","ok",""
"526/2339/17","29.03.2019","https://reyestr.court.gov.ua/Review/80783487","ok",""
"524/3490/17","01.01.2019","https://reyestr.court.gov.ua/Review/80805727","ok",""
"548/2056/16","01.01.2019","https://reyestr.court.gov.ua/Review/80842194","ok",""
"350/67/15","01.01.2019","https://reyestr.court.gov.ua/Review/80854756","ok",""
"587/2110/16","01.01.2019","https://reyestr.court.gov.ua/Review/80854806","ok",""
"808/1882/16","01.01.2019","https://reyestr.court.gov.ua/Review/80894117","ok",""
"560/893/17","01.01.2019","https://reyestr.court.gov.ua/Review/80918679","ok",""
"756/5243/17","01.01.2019","https://reyestr.court.gov.ua/Review/80919013","ok",""
"569/4641/17","01.01.2019","https://reyestr.court.gov.ua/Review/80950560","ok",""
"202/6568/16","01.01.2019","https://reyestr.court.gov.ua/Review/80950695","ok",""
"384/110/18","01.01.2019","https://reyestr.court.gov.ua/Review/81013288","ok",""
"820/2357/17","01.01.2019","https://reyestr.court.gov.ua/Review/81019767","ok",""
"815/5254/16","01.01.2019","https://reyestr.court.gov.ua/Review/81019981","ok",""
"569/7860/16","01.01.2019","https://reyestr.court.gov.ua/Review/81020440","ok",""
"924/498/18","01.01.2019","https://reyestr.court.gov.ua/Review/81143204","ok",""
"825/699/17","01.01.2019","https://reyestr.court.gov.ua/Review/81148312","ok",""
"592/11917/17","01.01.2019","https://reyestr.court.gov.ua/Review/81202814","ok",""
"750/2052/16","01.01.2019","https://reyestr.court.gov.ua/Review/81203012","ok",""
"916/1118/18","01.01.2019","https://reyestr.court.gov.ua/Review/81207641","ok",""
"711/6118/17","01.01.2019","https://reyestr.court.gov.ua/Review/81214589","ok",""
"916/1117/18","01.01.2019","https://reyestr.court.gov.ua/Review/81266275","ok",""
"905/1237/17","01.01.2019","https://reyestr.court.gov.ua/Review/81268487","ok",""
"916/675/15","01.01.2019","https://reyestr.court.gov.ua/Review/81268529","ok",""
"522/9763/17","01.01.2019","https://reyestr.court.gov.ua/Review/81301913","ok",""
"826/25885/15","01.01.2019","https://reyestr.court.gov.ua/Review/81329464","ok",""
"806/11/16","01.01.2019","https://reyestr.court.gov.ua/Review/81334132","ok",""
"804/6909/17","01.01.2019","https://reyestr.court.gov.ua/Review/81366768","ok",""
"766/8638/16","01.01.2019","https://reyestr.court.gov.ua/Review/81394044","ok",""
"211/7655/15","01.01.2019","https://reyestr.court.gov.ua/Review/81394231","ok",""
"461/605/18","01.01.2019","https://reyestr.court.gov.ua/Review/81425464","ok",""
"752/7994/17","01.01.2019","https://reyestr.court.gov.ua/Review/81425644","ok",""
"826/8546/18","01.01.2019","https://reyestr.court.gov.ua/Review/81431192","ok",""
"826/20177/16","01.01.2019","https://reyestr.court.gov.ua/Review/81431635","ok",""
"826/14797/15","01.01.2019","https://reyestr.court.gov.ua/Review/81728542","ok",""
"910/7394/17","01.01.2019","https://reyestr.court.gov.ua/Review/81756086","ok",""
"905/729/18","01.01.2019","https://reyestr.court.gov.ua/Review/81785503","ok",""
"489/1609/17","01.01.2019","https://reyestr.court.gov.ua/Review/81796005","ok",""
"820/2953/18","01.01.2019","https://reyestr.court.gov.ua/Review/81841916","ok",""
"807/559/18","01.01.2019","https://reyestr.court.gov.ua/Review/81841939","ok",""
"488/5027/14","01.01.2019","https://reyestr.court.gov.ua/Review/81842003","ok",""
"759/9631/17","01.01.2019","https://reyestr.court.gov.ua/Review/81877571","ok",""
"331/6927/16","01.01.2019","https://reyestr.court.gov.ua/Review/81877992","ok",""
"910/15457/17","01.01.2019","https://reyestr.court.gov.ua/Review/81880167","ok",""
"910/4568/18","01.01.2019","https://reyestr.court.gov.ua/Review/81880282","ok",""
"336/7704/16","01.01.2019","https://reyestr.court.gov.ua/Review/81935356","ok",""
"335/1896/15","01.01.2019","https://reyestr.court.gov.ua/Review/81952160","ok",""
"522/15685/16","01.01.2019","https://reyestr.court.gov.ua/Review/82001390","ok",""
"572/2429/15","01.01.2019","https://reyestr.court.gov.ua/Review/82065345","ok",""
"821/2615/14","01.01.2019","https://reyestr.court.gov.ua/Review/82065658","ok",""
"826/14367/17","01.01.2019","https://reyestr.court.gov.ua/Review/82096360","ok",""
"825/1496/17","01.01.2019","https://reyestr.court.gov.ua/Review/82119034","ok",""
"11192/0/16","02.06.2019","https://reyestr.court.gov.ua/Review/82120727","ok",""
"910/4989/18","01.01.2019","https://reyestr.court.gov.ua/Review/82130568","ok",""
"906/1157/17","03.06.2019","https://reyestr.court.gov.ua/Review/82130683","ok",""
"922/2598/18","01.01.2019","https://reyestr.court.gov.ua/Review/82190970","ok",""
"910/16744/17","01.01.2019","https://reyestr.court.gov.ua/Review/82261953","ok",""
"922/2250/16","10.06.2019","https://reyestr.court.gov.ua/Review/82294135","ok",""
"904/7981/17","10.06.2019","https://reyestr.court.gov.ua/Review/82294222","ok",""
"922/2250/16","10.06.2019","https://reyestr.court.gov.ua/Review/82294626","ok",""
"911/935/18","01.01.2019","https://reyestr.court.gov.ua/Review/82371305","ok",""
"922/3522/17","01.01.2019","https://reyestr.court.gov.ua/Review/82401730","ok",""
"904/3025/18","01.01.2019","https://reyestr.court.gov.ua/Review/82401791","ok",""
"824/896/18","01.01.2019","https://reyestr.court.gov.ua/Review/82406158","ok",""
"1840/2507/18","01.01.2019","https://reyestr.court.gov.ua/Review/82406167","ok",""
"826/15263/18","01.01.2019","https://reyestr.court.gov.ua/Review/82420761","ok",""
"521/12963/18","01.01.2019","https://reyestr.court.gov.ua/Review/82420796","ok",""
"916/190/18","01.01.2019","https://reyestr.court.gov.ua/Review/82424013","ok",""
"5015/118/11","18.06.2019","https://reyestr.court.gov.ua/Review/82426154","ok",""
"902/320/18","01.01.2019","https://reyestr.court.gov.ua/Review/82461287","ok",""
"2140/1828/18","01.01.2019","https://reyestr.court.gov.ua/Review/82499095","ok",""
"757/61865/16","01.01.2019","https://reyestr.court.gov.ua/Review/82499307","ok",""
"758/6022/14","01.01.2019","https://reyestr.court.gov.ua/Review/82499335","ok",""
"554/3796/17","01.01.2019","https://reyestr.court.gov.ua/Review/82541710","ok",""
"904/2394/18","24.06.2019","https://reyestr.court.gov.ua/Review/82567889","ok",""
"914/429/18","01.01.2019","https://reyestr.court.gov.ua/Review/82618653","ok",""
"264/2678/17","01.01.2019","https://reyestr.court.gov.ua/Review/82635922","ok",""
"910/2175/18","01.01.2019","https://reyestr.court.gov.ua/Review/82637255","ok",""
"924/320/17","01.01.2019","https://reyestr.court.gov.ua/Review/82639528","ok",""
"908/2609/17","01.01.2019","https://reyestr.court.gov.ua/Review/82672277","ok",""
"911/1657/18","01.01.2019","https://reyestr.court.gov.ua/Review/82672410","ok",""
"490/9758/17","01.01.2019","https://reyestr.court.gov.ua/Review/82769652","ok",""
"910/13202/18","01.01.2019","https://reyestr.court.gov.ua/Review/82857115","ok",""
"922/3506/18","01.01.2019","https://reyestr.court.gov.ua/Review/82885655","ok",""
"812/1234/18","01.01.2019","https://reyestr.court.gov.ua/Review/82885666","ok",""
"760/14437/18","01.01.2019","https://reyestr.court.gov.ua/Review/82885764","ok",""
"824/1115/18","01.01.2019","https://reyestr.court.gov.ua/Review/82885770","ok",""
"916/804/18","01.01.2019","https://reyestr.court.gov.ua/Review/82938019","ok",""
"521/17659/17","01.01.2019","https://reyestr.court.gov.ua/Review/82947148","ok",""
"383/493/18","14.07.2019","https://reyestr.court.gov.ua/Review/82997462","ok",""
"289/718/18","01.01.2019","https://reyestr.court.gov.ua/Review/82997467","ok",""
"201/11696/18","01.01.2019","https://reyestr.court.gov.ua/Review/82997480","ok",""
"826/12503/16","01.01.2019","https://reyestr.court.gov.ua/Review/82998177","ok",""
"910/23000/17","01.01.2019","https://reyestr.court.gov.ua/Review/82998256","ok",""
"303/2490/17","01.01.2019","https://reyestr.court.gov.ua/Review/82998275","ok",""
"904/1083/18","01.01.2019","https://reyestr.court.gov.ua/Review/83000606","ok",""
"910/17792/17","01.01.2019","https://reyestr.court.gov.ua/Review/83000777","ok",""
"520/11437/16","01.01.2019","https://reyestr.court.gov.ua/Review/83024956","ok",""
"302/757/17","01.01.2019","https://reyestr.court.gov.ua/Review/83070460","ok",""
"826/7824/18","01.01.2019","https://reyestr.court.gov.ua/Review/83220456","ok",""
"910/13249/17","01.01.2019","https://reyestr.court.gov.ua/Review/83243710","ok",""
"821/1896/15","01.01.2019","https://reyestr.court.gov.ua/Review/83378805","ok",""
"910/6144/18","01.01.2019","https://reyestr.court.gov.ua/Review/83485293","ok",""
"433/172/16","01.01.2019","https://reyestr.court.gov.ua/Review/83494203","ok",""
"160/3586/19","01.01.2019","https://reyestr.court.gov.ua/Review/83494363","ok",""
"911/956/17","01.01.2019","https://reyestr.court.gov.ua/Review/83537727","ok",""
"5009/4987/12","01.01.2019","https://reyestr.court.gov.ua/Review/83537993","ok",""
"676/1557/16","01.01.2019","https://reyestr.court.gov.ua/Review/83617116","ok",""
"907/710/17","14.08.2019","https://reyestr.court.gov.ua/Review/83619660","ok",""
"666/754/16","01.01.2019","https://reyestr.court.gov.ua/Review/83691747","ok",""
"822/450/16","01.01.2019","https://reyestr.court.gov.ua/Review/83691757","ok",""
"823/782/16","01.01.2019","https://reyestr.court.gov.ua/Review/83692196","ok",""
"711/7311/16","01.01.2019","https://reyestr.court.gov.ua/Review/83749435","ok",""
"914/2441/15","01.01.2019","https://reyestr.court.gov.ua/Review/83783093","ok",""
"295/13613/16","01.01.2019","https://reyestr.court.gov.ua/Review/83799936","ok",""
"826/12524/18","01.01.2019","https://reyestr.court.gov.ua/Review/83799960","ok",""
"820/999/17","01.01.2019","https://reyestr.court.gov.ua/Review/83799987","ok",""
"909/472/18","22.08.2019","https://reyestr.court.gov.ua/Review/83800912","ok",""
"520/16742/16","01.01.2019","https://reyestr.court.gov.ua/Review/84006007","ok",""
"911/2392/17","01.01.2019","https://reyestr.court.gov.ua/Review/84063789","ok",""
"520/3939/19","01.01.2019","https://reyestr.court.gov.ua/Review/84077152","ok",""
"174/780/16","01.01.2019","https://reyestr.court.gov.ua/Review/84120720","ok",""
"640/1374/19","01.01.2019","https://reyestr.court.gov.ua/Review/84134028","ok",""
"760/9239/16","01.01.2019","https://reyestr.court.gov.ua/Review/84152428","ok",""
"193/11/17","01.01.2019","https://reyestr.court.gov.ua/Review/84152989","ok",""
"757/43785/18","01.01.2019","https://reyestr.court.gov.ua/Review/84153007","ok",""
"757/43800/18","01.01.2019","https://reyestr.court.gov.ua/Review/84153040","ok",""
"757/43793/18","01.01.2019","https://reyestr.court.gov.ua/Review/84153041","ok",""
"341/2132/16","11.09.2019","https://reyestr.court.gov.ua/Review/84153044","ok",""
"920/85/18","01.01.2019","https://reyestr.court.gov.ua/Review/84154257","ok",""
"166/753/17","01.01.2019","https://reyestr.court.gov.ua/Review/84211593","ok",""
"813/2803/16","01.01.2019","https://reyestr.court.gov.ua/Review/84211679","ok",""
"537/430/18","01.01.2019","https://reyestr.court.gov.ua/Review/84229658","ok",""
"459/2485/16","01.01.2019","https://reyestr.court.gov.ua/Review/84265846","ok",""
"198/623/18","01.01.2019","https://reyestr.court.gov.ua/Review/84274315","ok",""
"915/330/17","01.01.2019","https://reyestr.court.gov.ua/Review/84275098","ok",""
"336/5828/16","01.01.2019","https://reyestr.court.gov.ua/Review/84304677","ok",""
"910/10984/18","01.01.2019","https://reyestr.court.gov.ua/Review/84320433","ok",""
"808/3092/17","01.01.2019","https://reyestr.court.gov.ua/Review/84405571","ok",""
"686/21006/16","01.01.2019","https://reyestr.court.gov.ua/Review/84405593","ok",""
"166/1065/18","01.01.2019","https://reyestr.court.gov.ua/Review/84449643","ok",""
"910/7662/17","01.01.2019","https://reyestr.court.gov.ua/Review/84453496","ok",""
"229/1602/16","01.01.2019","https://reyestr.court.gov.ua/Review/84525295","ok",""
"509/4910/17","01.01.2019","https://reyestr.court.gov.ua/Review/84583352","ok",""
"818/260/17","01.01.2019","https://reyestr.court.gov.ua/Review/84621396","ok",""
"824/32/19","01.01.2019","https://reyestr.court.gov.ua/Review/84621423","ok",""
"638/18467/15","01.01.2019","https://reyestr.court.gov.ua/Review/84621905","ok",""
"310/6279/17","01.01.2019","https://reyestr.court.gov.ua/Review/84634279","ok",""
"542/1814/17","01.01.2019","https://reyestr.court.gov.ua/Review/84694535","ok",""
"822/911/17","01.01.2019","https://reyestr.court.gov.ua/Review/84746478","ok",""
"826/9967/18","01.01.2019","https://reyestr.court.gov.ua/Review/84788062","ok",""
"826/3943/16","01.01.2019","https://reyestr.court.gov.ua/Review/84788137","ok",""
"924/1114/18","01.01.2019","https://reyestr.court.gov.ua/Review/84788369","ok",""
"804/3646/18","01.01.2019","https://reyestr.court.gov.ua/Review/84788528","ok",""
"640/22595/18","01.01.2019","https://reyestr.court.gov.ua/Review/84788693","ok",""
"910/3907/18","01.01.2019","https://reyestr.court.gov.ua/Review/84788862","ok",""
"347/337/15","01.01.2019","https://reyestr.court.gov.ua/Review/84975984","ok",""
"420/5895/18","01.01.2019","https://reyestr.court.gov.ua/Review/85009927","ok",""
"810/3894/17","01.01.2019","https://reyestr.court.gov.ua/Review/85032366","ok",""
"640/20468/18","01.01.2019","https://reyestr.court.gov.ua/Review/85033140","ok",""
"812/1408/16","01.01.2019","https://reyestr.court.gov.ua/Review/85058551","ok",""
"369/10046/18","01.01.2019","https://reyestr.court.gov.ua/Review/85110837","ok",""
"290/669/18","01.01.2019","https://reyestr.court.gov.ua/Review/85111453","ok",""
"826/2195/16","01.01.2019","https://reyestr.court.gov.ua/Review/85153985","ok",""
"821/597/18","01.01.2019","https://reyestr.court.gov.ua/Review/85154589","ok",""
"400/296/19","01.01.2019","https://reyestr.court.gov.ua/Review/85206591","ok",""
"815/1729/16","01.01.2019","https://reyestr.court.gov.ua/Review/85207552","ok",""
"910/74/19","01.01.2019","https://reyestr.court.gov.ua/Review/85211409","ok",""
"911/3153/16","01.01.2019","https://reyestr.court.gov.ua/Review/85211545","ok",""
"902/434/19","01.01.2019","https://reyestr.court.gov.ua/Review/85211613","ok",""
"910/6701/19","01.01.2019","https://reyestr.court.gov.ua/Review/85241505","ok",""
"825/396/17","01.01.2019","https://reyestr.court.gov.ua/Review/85451806","ok",""
"734/4136/15","01.01.2019","https://reyestr.court.gov.ua/Review/85467398","ok",""
"336/6824/18","01.01.2019","https://reyestr.court.gov.ua/Review/85467580","ok",""
"804/4585/18","01.01.2019","https://reyestr.court.gov.ua/Review/85493166","ok",""
"369/5652/16","01.01.2019","https://reyestr.court.gov.ua/Review/85493413","ok",""
"817/381/16","01.01.2019","https://reyestr.court.gov.ua/Review/85645544","ok",""
"826/2966/16","01.01.2019","https://reyestr.court.gov.ua/Review/85645546","ok",""
"820/1916/18","01.01.2019","https://reyestr.court.gov.ua/Review/85678272","ok",""
"657/950/14","01.01.2019","https://reyestr.court.gov.ua/Review/85712077","ok",""
"761/31180/16","01.01.2019","https://reyestr.court.gov.ua/Review/85742038","ok",""
"916/2825/18","01.01.2019","https://reyestr.court.gov.ua/Review/85742527","ok",""
"335/13631/16","01.01.2019","https://reyestr.court.gov.ua/Review/85743367","ok",""
"205/8704/16","01.01.2019","https://reyestr.court.gov.ua/Review/85774100","ok",""
"802/1933/18","01.01.2019","https://reyestr.court.gov.ua/Review/85803979","ok",""
"234/14062/16","01.01.2019","https://reyestr.court.gov.ua/Review/85805263","ok",""
"477/428/17","01.01.2019","https://reyestr.court.gov.ua/Review/85836161","ok",""
"755/8142/18","01.01.2019","https://reyestr.court.gov.ua/Review/85868746","ok",""
"755/9215/15","01.01.2019","https://reyestr.court.gov.ua/Review/85869101","ok",""
"806/1350/15","01.01.2019","https://reyestr.court.gov.ua/Review/85902333","ok",""
"756/3578/17","01.01.2019","https://reyestr.court.gov.ua/Review/85903574","ok",""
"310/2284/17","01.01.2019","https://reyestr.court.gov.ua/Review/85934518","ok",""
"759/1082/18","01.01.2019","https://reyestr.court.gov.ua/Review/85934538","ok",""
"523/18122/15","01.01.2019","https://reyestr.court.gov.ua/Review/85934572","ok",""
"712/7447/16","01.01.2019","https://reyestr.court.gov.ua/Review/85964846","ok",""
"243/6656/17","01.01.2019","https://reyestr.court.gov.ua/Review/85965005","ok",""
"263/13201/15","01.01.2019","https://reyestr.court.gov.ua/Review/85999963","ok",""
"372/2483/16","01.01.2019","https://reyestr.court.gov.ua/Review/86000014","ok",""
"805/5043/15","01.01.2019","https://reyestr.court.gov.ua/Review/86000072","ok",""
"","01.01.2019","https://reyestr.court.gov.ua/Review/86002021","ok",""
"183/6195/17","01.01.2019","https://reyestr.court.gov.ua/Review/86034418","ok",""
"922/1266/19","03.12.2019","https://reyestr.court.gov.ua/Review/86039128","ok",""
"320/9665/18","01.01.2019","https://reyestr.court.gov.ua/Review/86070451","ok",""
"2306/35/2012","01.01.2019","https://reyestr.court.gov.ua/Review/86070618","ok",""
"926/2353/18","01.01.2019","https://reyestr.court.gov.ua/Review/86075347","ok",""
"918/194/19","01.01.2019","https://reyestr.court.gov.ua/Review/86075356","ok",""
"522/7888/16","01.01.2019","https://reyestr.court.gov.ua/Review/86103722","ok",""
"591/1447/17","01.01.2019","https://reyestr.court.gov.ua/Review/86105175","ok",""
"682/1892/15","01.01.2019","https://reyestr.court.gov.ua/Review/86205975","ok",""
"922/787/19","01.01.2019","https://reyestr.court.gov.ua/Review/86245341","ok",""
"1340/5964/18","01.01.2019","https://reyestr.court.gov.ua/Review/86274916","ok",""
"543/690/16","01.01.2019","https://reyestr.court.gov.ua/Review/86275736","ok",""
"643/7954/17","01.01.2019","https://reyestr.court.gov.ua/Review/86275749","ok",""
"606/2300/17","01.01.2019","https://reyestr.court.gov.ua/Review/86275757","ok",""
"906/208/19","01.01.2019","https://reyestr.court.gov.ua/Review/86332907","ok",""
"374/274/18","01.01.2019","https://reyestr.court.gov.ua/Review/86333485","ok",""
"903/127/19","01.01.2019","https://reyestr.court.gov.ua/Review/86336779","ok",""
"906/603/18","01.01.2019","https://reyestr.court.gov.ua/Review/86336799","ok",""
"461/1824/15","01.01.2019","https://reyestr.court.gov.ua/Review/86361091","ok",""
"816/359/16","01.01.2019","https://reyestr.court.gov.ua/Review/86387948","ok",""
"280/85/19","01.01.2019","https://reyestr.court.gov.ua/Review/86401161","ok",""
"914/3224/16","01.01.2019","https://reyestr.court.gov.ua/Review/86401166","ok",""
"520/3939/19","01.01.2019","https://reyestr.court.gov.ua/Review/86401183","ok",""
"359/10663/18","01.01.2019","https://reyestr.court.gov.ua/Review/86401317","ok",""
"160/8324/19","01.01.2019","https://reyestr.court.gov.ua/Review/86432492","ok",""
"468/901/17","01.01.2019","https://reyestr.court.gov.ua/Review/86435286","ok",""
"297/1656/17","01.01.2019","https://reyestr.court.gov.ua/Review/86435398","ok",""
"182/4561/16","01.01.2019","https://reyestr.court.gov.ua/Review/86435411","ok",""
"912/646/19","01.01.2019","https://reyestr.court.gov.ua/Review/86438050","ok",""
"925/185/19","01.01.2019","https://reyestr.court.gov.ua/Review/86503616","ok",""
"922/3659/18","01.01.2019","https://reyestr.court.gov.ua/Review/86503883","ok",""
"922/1110/18","01.01.2019","https://reyestr.court.gov.ua/Review/86504141","ok",""
"808/4096/16","01.01.2019","https://reyestr.court.gov.ua/Review/86504209","ok",""
"447/1236/18","01.01.2019","https://reyestr.court.gov.ua/Review/86505208","ok",""
"571/1436/15","01.01.2019","https://reyestr.court.gov.ua/Review/86505790","ok",""
"520/9231/18","01.01.2019","https://reyestr.court.gov.ua/Review/86551737","ok",""
"14806/10/2670","01.01.2019","https://reyestr.court.gov.ua/Review/86552192","ok",""
"808/1914/18","01.01.2019","https://reyestr.court.gov.ua/Review/86552201","ok",""
"757/26722/17","01.01.2019","https://reyestr.court.gov.ua/Review/86565785","ok",""
"904/63/18","01.01.2019","https://reyestr.court.gov.ua/Review/86660704","ok",""
"757/42871/15","01.01.2019","https://reyestr.court.gov.ua/Review/86717745","ok",""
"345/3007/17","01.01.2019","https://reyestr.court.gov.ua/Review/86738045","ok",""
"804/4188/17","01.01.2019","https://reyestr.court.gov.ua/Review/86877104","ok",""
"826/5331/18","01.01.2019","https://reyestr.court.gov.ua/Review/86877147","ok",""
"370/2898/16","14.01.2020","https://reyestr.court.gov.ua/Review/86877191","ok",""
"910/20190/16","01.01.2019","https://reyestr.court.gov.ua/Review/86880091","ok",""
"910/4473/17","01.01.2019","https://reyestr.court.gov.ua/Review/86880119","ok",""
"826/14327/16","01.01.2019","https://reyestr.court.gov.ua/Review/86929199","ok",""
"826/19570/15","01.01.2019","https://reyestr.court.gov.ua/Review/86929830","ok",""
"2040/7558/18","01.01.2019","https://reyestr.court.gov.ua/Review/86957097","ok",""
"925/361/19","01.01.2019","https://reyestr.court.gov.ua/Review/86998957","ok",""
"922/808/19","01.01.2019","https://reyestr.court.gov.ua/Review/86999774","ok",""
"136/1207/17","01.01.2019","https://reyestr.court.gov.ua/Review/87000517","ok",""
"587/2326/16","01.01.2019","https://reyestr.court.gov.ua/Review/87053624","ok",""
"922/1002/19","22.01.2020","https://reyestr.court.gov.ua/Review/87056164","ok",""
"910/1820/19","01.01.2019","https://reyestr.court.gov.ua/Review/87056178","ok",""
"702/968/18","01.01.2019","https://reyestr.court.gov.ua/Review/87079993","ok",""
"451/706/18","01.01.2019","https://reyestr.court.gov.ua/Review/87115228","ok",""
"607/18964/18","01.01.2019","https://reyestr.court.gov.ua/Review/87115229","ok",""
"910/1702/17","01.01.2019","https://reyestr.court.gov.ua/Review/87115613","ok",""
"522/20954/16","01.01.2019","https://reyestr.court.gov.ua/Review/87129313","ok",""
"822/398/17","01.01.2019","https://reyestr.court.gov.ua/Review/87129609","ok",""
"922/814/19","01.01.2019","https://reyestr.court.gov.ua/Review/87150826","ok",""
"925/186/19","01.01.2019","https://reyestr.court.gov.ua/Review/87214538","ok",""
"922/811/19","01.01.2019","https://reyestr.court.gov.ua/Review/87214790","ok",""
"922/807/19","01.01.2019","https://reyestr.court.gov.ua/Review/87214815","ok",""
"0370/2676/11","01.01.2019","https://reyestr.court.gov.ua/Review/87363512","ok",""
"492/1519/15","01.01.2019","https://reyestr.court.gov.ua/Review/87393442","ok",""
"914/520/18","01.01.2019","https://reyestr.court.gov.ua/Review/87477981","ok",""
"820/11382/15","01.01.2019","https://reyestr.court.gov.ua/Review/87478109","ok",""
"910/10987/18","01.01.2019","https://reyestr.court.gov.ua/Review/87559633","ok",""
"308/452/19","01.01.2019","https://reyestr.court.gov.ua/Review/87581214","ok",""
"921/86/18","01.01.2019","https://reyestr.court.gov.ua/Review/87602259","ok",""
"915/572/17","01.01.2019","https://reyestr.court.gov.ua/Review/87623765","ok",""
"820/3556/17","01.01.2019","https://reyestr.court.gov.ua/Review/87656460","ok",""
"922/2191/19","01.01.2019","https://reyestr.court.gov.ua/Review/87682372","ok",""
"923/364/19","01.01.2019","https://reyestr.court.gov.ua/Review/87711923","ok",""
"817/932/16","01.01.2019","https://reyestr.court.gov.ua/Review/87713287","ok",""
"640/16169/17","01.01.2019","https://reyestr.court.gov.ua/Review/87732990","ok",""
"904/1643/19","21.02.2020","https://reyestr.court.gov.ua/Review/87735367","ok",""
"815/6834/15","01.01.2019","https://reyestr.court.gov.ua/Review/87758278","ok",""
"1840/3344/18","01.01.2019","https://reyestr.court.gov.ua/Review/87760258","ok",""
"451/1363/17","01.01.2019","https://reyestr.court.gov.ua/Review/87793687","ok",""
"322/1178/17","01.01.2019","https://reyestr.court.gov.ua/Review/87857824","ok",""
"910/15295/18","01.01.2019","https://reyestr.court.gov.ua/Review/87857859","ok",""
"826/25791/15","01.01.2019","https://reyestr.court.gov.ua/Review/87868496","ok",""
"826/13788/15","01.01.2019","https://reyestr.court.gov.ua/Review/87869065","ok",""
"0940/2394/18","01.01.2019","https://reyestr.court.gov.ua/Review/87902555","ok",""
"826/17123/18","01.01.2019","https://reyestr.court.gov.ua/Review/87929522","ok",""
"686/20328/18","01.01.2019","https://reyestr.court.gov.ua/Review/87985207","ok",""
"415/2135/17","01.01.2019","https://reyestr.court.gov.ua/Review/87995653","ok",""
"826/26884/15","01.01.2019","https://reyestr.court.gov.ua/Review/88061890","ok",""
"826/27818/15","01.01.2019","https://reyestr.court.gov.ua/Review/88061892","ok",""
"909/108/19","01.01.2019","https://reyestr.court.gov.ua/Review/88149692","ok",""
"240/6263/18","01.01.2019","https://reyestr.court.gov.ua/Review/88168813","ok",""
"1540/3913/18","01.01.2019","https://reyestr.court.gov.ua/Review/88245652","ok",""
"826/7011/16","01.01.2019","https://reyestr.court.gov.ua/Review/88245653","ok",""
"9901/30593/19","01.01.2019","https://reyestr.court.gov.ua/Review/88305171","ok",""
"816/2897/15","01.01.2019","https://reyestr.court.gov.ua/Review/88360067","ok",""
"806/1001/17","01.01.2019","https://reyestr.court.gov.ua/Review/88409753","ok",""
"387/168/17","01.01.2019","https://reyestr.court.gov.ua/Review/88430843","ok",""
"464/7984/16","01.01.2019","https://reyestr.court.gov.ua/Review/88430844","ok",""
"808/2824/16","01.01.2019","https://reyestr.court.gov.ua/Review/88430989","ok",""
"185/4142/17","01.01.2019","https://reyestr.court.gov.ua/Review/88460652","ok",""
"2340/4717/18","01.01.2019","https://reyestr.court.gov.ua/Review/88495568","ok",""
"522/14170/17","01.01.2019","https://reyestr.court.gov.ua/Review/88522864","ok",""
"461/4438/18","01.01.2019","https://reyestr.court.gov.ua/Review/88574958","ok",""
"344/11071/17","01.01.2019","https://reyestr.court.gov.ua/Review/88574997","ok",""
"160/3586/19","01.01.2019","https://reyestr.court.gov.ua/Review/88601598","ok",""
"922/599/19","01.01.2019","https://reyestr.court.gov.ua/Review/88612628","ok",""
"740/5033/15","01.01.2019","https://reyestr.court.gov.ua/Review/88739829","ok",""
"2540/3034/18","01.01.2019","https://reyestr.court.gov.ua/Review/88749433","ok",""
"826/7696/18","01.01.2019","https://reyestr.court.gov.ua/Review/88810520","ok",""
"826/779/18","01.01.2019","https://reyestr.court.gov.ua/Review/88814809","ok",""
"761/12073/18","01.01.2019","https://reyestr.court.gov.ua/Review/88833746","ok",""
"727/8819/16","01.01.2019","https://reyestr.court.gov.ua/Review/88880711","ok",""
"560/523/19","01.01.2019","https://reyestr.court.gov.ua/Review/88886054","ok",""
"589/2794/16","01.01.2019","https://reyestr.court.gov.ua/Review/88952169","ok",""
"219/11809/19","28.04.2020","https://reyestr.court.gov.ua/Review/88952180","ok",""
"240/4937/18","01.01.2019","https://reyestr.court.gov.ua/Review/88952401","ok",""
"285/2663/16","01.01.2019","https://reyestr.court.gov.ua/Review/88958537","ok",""
"611/26/17","01.01.2019","https://reyestr.court.gov.ua/Review/88958540","ok",""
"910/10553/18","01.01.2019","https://reyestr.court.gov.ua/Review/89008475","ok",""
"802/1145/17","01.01.2019","https://reyestr.court.gov.ua/Review/89035525","ok",""
"2340/4521/18","01.01.2019","https://reyestr.court.gov.ua/Review/89035660","ok",""
"806/2426/18","01.01.2019","https://reyestr.court.gov.ua/Review/89063763","ok",""
"462/173/19","01.01.2019","https://reyestr.court.gov.ua/Review/89180443","ok",""
"814/2148/16","01.01.2019","https://reyestr.court.gov.ua/Review/89191080","ok",""
"810/2517/18","01.01.2019","https://reyestr.court.gov.ua/Review/89191667","ok",""
"316/1416/17","01.01.2019","https://reyestr.court.gov.ua/Review/89251074","ok",""
"760/18306/18","01.01.2019","https://reyestr.court.gov.ua/Review/89251594","ok",""
"607/15692/19","01.01.2019","https://reyestr.court.gov.ua/Review/89252075","ok",""
"683/924/16","01.01.2019","https://reyestr.court.gov.ua/Review/89289775","ok",""
"569/858/18","01.01.2019","https://reyestr.court.gov.ua/Review/89289807","ok",""
"809/1031/16","01.01.2019","https://reyestr.court.gov.ua/Review/89325381","ok",""
"640/1440/19","01.01.2019","https://reyestr.court.gov.ua/Review/89325561","ok",""
"811/1657/16","01.01.2019","https://reyestr.court.gov.ua/Review/89325615","ok",""
"310/6300/16","01.01.2019","https://reyestr.court.gov.ua/Review/89325619","ok",""
"668/2604/15","01.01.2019","https://reyestr.court.gov.ua/Review/89345781","ok",""
"239/702/16","01.01.2019","https://reyestr.court.gov.ua/Review/89352927","ok",""
"753/14205/16","01.01.2019","https://reyestr.court.gov.ua/Review/89426732","ok",""
"826/20017/16","01.01.2019","https://reyestr.court.gov.ua/Review/89433333","ok",""
"826/17586/16","01.01.2019","https://reyestr.court.gov.ua/Review/89433405","ok",""
"735/1417/16","01.01.2019","https://reyestr.court.gov.ua/Review/89459444","ok",""
"460/1033/19","01.01.2019","https://reyestr.court.gov.ua/Review/89459804","ok",""
"303/5848/16","01.01.2019","https://reyestr.court.gov.ua/Review/89459806","ok",""
"202/3076/18","01.01.2019","https://reyestr.court.gov.ua/Review/89479850","ok",""
"917/1737/19","27.05.2020","https://reyestr.court.gov.ua/Review/89482864","ok",""
"279/3334/17","01.01.2019","https://reyestr.court.gov.ua/Review/89508953","ok",""
"761/11887/15","01.01.2019","https://reyestr.court.gov.ua/Review/89578905","ok",""
"826/4747/13","01.01.2019","https://reyestr.court.gov.ua/Review/89757267","ok",""
"484/813/17","01.01.2019","https://reyestr.court.gov.ua/Review/89793110","ok",""
"588/1311/17","01.01.2019","https://reyestr.court.gov.ua/Review/89824757","ok",""
"910/10006/19","01.01.2019","https://reyestr.court.gov.ua/Review/89868726","ok",""
"727/1441/17","01.01.2019","https://reyestr.court.gov.ua/Review/89869020","ok",""
"185/7049/16","01.01.2019","https://reyestr.court.gov.ua/Review/89869025","ok",""
"756/6984/16","01.01.2019","https://reyestr.court.gov.ua/Review/89869029","ok",""
"620/1116/20","01.01.2019","https://reyestr.court.gov.ua/Review/89872243","ok",""
"757/42264/16","01.01.2019","https://reyestr.court.gov.ua/Review/89872319","ok",""
"904/701/19","01.01.2019","https://reyestr.court.gov.ua/Review/89966491","ok",""
"804/9077/16","01.01.2019","https://reyestr.court.gov.ua/Review/89977373","ok",""
"308/13678/16","01.01.2019","https://reyestr.court.gov.ua/Review/89977375","ok",""
"212/3137/17","01.01.2019","https://reyestr.court.gov.ua/Review/90021305","ok",""
"910/13720/19","01.01.2019","https://reyestr.court.gov.ua/Review/90025205","ok",""
"521/1892/18","01.01.2019","https://reyestr.court.gov.ua/Review/90111466","ok",""
"910/14057/18","01.01.2019","https://reyestr.court.gov.ua/Review/90154818","ok",""
"922/2589/19","01.01.2019","https://reyestr.court.gov.ua/Review/90176798","ok",""
"905/633/19","01.01.2019","https://reyestr.court.gov.ua/Review/90176799","ok",""
"906/516/19","01.01.2019","https://reyestr.court.gov.ua/Review/90176816","ok",""
"280/1931/19","01.01.2019","https://reyestr.court.gov.ua/Review/90199018","ok",""
"160/8324/19","01.01.2019","https://reyestr.court.gov.ua/Review/90228179","ok",""
"908/955/18","01.01.2019","https://reyestr.court.gov.ua/Review/90232131","ok",""
"140/388/19","01.01.2019","https://reyestr.court.gov.ua/Review/90242392","ok",""
"632/313/16","01.01.2019","https://reyestr.court.gov.ua/Review/90280181","ok",""
"260/374/19","01.01.2019","https://reyestr.court.gov.ua/Review/90349417","ok",""
"280/2993/19","01.01.2019","https://reyestr.court.gov.ua/Review/90366882","ok",""
"922/404/19","01.01.2019","https://reyestr.court.gov.ua/Review/90388304","ok",""
"910/5829/19","01.01.2019","https://reyestr.court.gov.ua/Review/90388394","ok",""
"808/353/17","01.01.2019","https://reyestr.court.gov.ua/Review/90396901","ok",""
"808/2525/16","01.01.2019","https://reyestr.court.gov.ua/Review/90396910","ok",""
"524/10054/16","16.07.2020","https://reyestr.court.gov.ua/Review/90411025","ok",""
"562/2658/15","01.01.2019","https://reyestr.court.gov.ua/Review/90425032","ok",""
"820/1565/17","01.01.2019","https://reyestr.court.gov.ua/Review/90425170","ok",""
"265/4175/16","01.01.2019","https://reyestr.court.gov.ua/Review/90425211","ok",""
"240/10153/19","01.01.2019","https://reyestr.court.gov.ua/Review/90425351","ok",""
"823/450/16","01.01.2019","https://reyestr.court.gov.ua/Review/90458308","ok",""
"243/8249/17","01.01.2019","https://reyestr.court.gov.ua/Review/90458869","ok",""
"6400/8857/19","19.07.2020","https://reyestr.court.gov.ua/Review/90458914","ok",""
"696/1693/15","01.01.2019","https://reyestr.court.gov.ua/Review/90458952","ok",""
"905/204/18","01.01.2019","https://reyestr.court.gov.ua/Review/90465603","ok",""
"910/1386/20","01.01.2019","https://reyestr.court.gov.ua/Review/90515314","ok",""
"480/1449/18","01.01.2019","https://reyestr.court.gov.ua/Review/90536950","ok",""
"904/4681/19","01.01.2019","https://reyestr.court.gov.ua/Review/90540484","ok",""
"905/383/18","01.01.2019","https://reyestr.court.gov.ua/Review/90566007","ok",""
"910/8387/19","24.07.2020","https://reyestr.court.gov.ua/Review/90566057","ok",""
"554/9493/17","01.01.2019","https://reyestr.court.gov.ua/Review/90591458","ok",""
"357/12676/18","01.01.2019","https://reyestr.court.gov.ua/Review/90591497","ok",""
"904/5598/18","01.01.2019","https://reyestr.court.gov.ua/Review/90670345","ok",""
"910/19932/17","01.01.2019","https://reyestr.court.gov.ua/Review/90670358","ok",""
"808/2317/15","01.01.2019","https://reyestr.court.gov.ua/Review/90674234","ok",""
"924/526/18","01.01.2019","https://reyestr.court.gov.ua/Review/90696438","ok",""
"911/2139/19","01.01.2019","https://reyestr.court.gov.ua/Review/90723057","ok",""
"910/10225/18","01.01.2019","https://reyestr.court.gov.ua/Review/90827109","ok",""
"686/20491/18","01.01.2019","https://reyestr.court.gov.ua/Review/90850326","ok",""
"331/2964/17","01.01.2019","https://reyestr.court.gov.ua/Review/90899074","ok",""
"824/755/16","01.01.2019","https://reyestr.court.gov.ua/Review/90985485","ok",""
"913/73/19","01.01.2019","https://reyestr.court.gov.ua/Review/91016940","ok",""
"914/774/19","01.01.2019","https://reyestr.court.gov.ua/Review/91016942","ok",""
"910/6668/19","18.08.2020","https://reyestr.court.gov.ua/Review/91017010","ok",""
"916/1094/18","01.01.2019","https://reyestr.court.gov.ua/Review/91049637","ok",""
"914/1844/18","01.01.2019","https://reyestr.court.gov.ua/Review/91049657","ok",""
"756/6946/16","01.01.2019","https://reyestr.court.gov.ua/Review/91050246","ok",""
"0640/4427/18","01.01.2019","https://reyestr.court.gov.ua/Review/91050500","ok",""
"806/1201/16","01.01.2019","https://reyestr.court.gov.ua/Review/91050515","ok",""
"359/5905/18","01.01.2019","https://reyestr.court.gov.ua/Review/91237648","ok",""
"911/2032/17","01.01.2019","https://reyestr.court.gov.ua/Review/91242273","ok",""
"916/2464/19","02.09.2020","https://reyestr.court.gov.ua/Review/91290654","ok",""
"914/1000/19","01.01.2019","https://reyestr.court.gov.ua/Review/91290666","ok",""
"923/449/18","01.01.2019","https://reyestr.court.gov.ua/Review/91290675","ok",""
"911/936/18","01.01.2019","https://reyestr.court.gov.ua/Review/91320033","ok",""
"811/245/17","01.01.2019","https://reyestr.court.gov.ua/Review/91337688","ok",""
"917/468/19","01.01.2019","https://reyestr.court.gov.ua/Review/91340952","ok",""
"523/13774/18","01.01.2019","https://reyestr.court.gov.ua/Review/91397605","ok",""
"914/1201/19","01.01.2019","https://reyestr.court.gov.ua/Review/91436833","ok",""
"591/245/17","01.01.2019","https://reyestr.court.gov.ua/Review/91444734","ok",""
"821/1227/18","01.01.2019","https://reyestr.court.gov.ua/Review/91504014","ok",""
"922/708/19","01.01.2019","https://reyestr.court.gov.ua/Review/91589626","ok",""
"910/5367/20","01.01.2019","https://reyestr.court.gov.ua/Review/91622223","ok",""
"826/6692/16","01.01.2019","https://reyestr.court.gov.ua/Review/91643182","ok",""
"823/762/18","01.01.2019","https://reyestr.court.gov.ua/Review/91643213","ok",""
"640/12324/19","01.01.2019","https://reyestr.court.gov.ua/Review/91643264","ok",""
"826/855/16","01.01.2019","https://reyestr.court.gov.ua/Review/91850779","ok",""
"440/2722/20","01.01.2019","https://reyestr.court.gov.ua/Review/91883790","ok",""
"914/2000/19","01.01.2019","https://reyestr.court.gov.ua/Review/91939620","ok",""
"755/12736/17","01.01.2019","https://reyestr.court.gov.ua/Review/91989843","ok",""
"0440/5056/18","01.01.2019","https://reyestr.court.gov.ua/Review/91989868","ok",""
"127/25292/18","01.01.2019","https://reyestr.court.gov.ua/Review/92065722","ok",""
"688/2908/16","01.01.2019","https://reyestr.court.gov.ua/Review/92137264","ok",""
"809/1060/16","01.01.2019","https://reyestr.court.gov.ua/Review/92173021","ok",""
"808/1860/14","01.01.2019","https://reyestr.court.gov.ua/Review/92201586","ok",""
"922/2575/19","01.01.2019","https://reyestr.court.gov.ua/Review/92228692","ok",""
"0740/993/18","01.01.2019","https://reyestr.court.gov.ua/Review/92270703","ok",""
"469/1044/17","01.01.2019","https://reyestr.court.gov.ua/Review/92270734","ok",""
"676/2489/19","01.01.2019","https://reyestr.court.gov.ua/Review/92314965","ok",""
"200/2402/19","01.01.2019","https://reyestr.court.gov.ua/Review/92334041","ok",""
"906/927/18","01.01.2019","https://reyestr.court.gov.ua/Review/92384929","ok",""
"711/1837/18","01.01.2019","https://reyestr.court.gov.ua/Review/92385256","ok",""
"520/8836/18","01.01.2019","https://reyestr.court.gov.ua/Review/92457879","ok",""
"755/9680/19","01.01.2019","https://reyestr.court.gov.ua/Review/92483003","ok",""
"1940/1440/18","01.01.2019","https://reyestr.court.gov.ua/Review/92566176","ok",""
"804/3566/17","01.01.2019","https://reyestr.court.gov.ua/Review/92566310","ok",""
"520/528/19","01.01.2019","https://reyestr.court.gov.ua/Review/92661140","ok",""
"922/1995/17","01.01.2019","https://reyestr.court.gov.ua/Review/92705207","ok",""
"191/1169/16","01.01.2019","https://reyestr.court.gov.ua/Review/92787297","ok",""
"826/17074/18","01.01.2019","https://reyestr.court.gov.ua/Review/92787299","ok",""
"640/19903/19","01.01.2019","https://reyestr.court.gov.ua/Review/92787300","ok",""
"804/2636/16","01.01.2019","https://reyestr.court.gov.ua/Review/92810842","ok",""
"260/401/19","01.01.2019","https://reyestr.court.gov.ua/Review/92810969","ok",""
"822/630/17","01.01.2019","https://reyestr.court.gov.ua/Review/92811035","ok",""
"1140/2362/18","01.01.2019","https://reyestr.court.gov.ua/Review/92972020","ok",""
"910/11152/19","20.11.2020","https://reyestr.court.gov.ua/Review/92996891","ok",""
"808/4110/17","01.01.2019","https://reyestr.court.gov.ua/Review/93052697","ok",""
"826/7424/16","01.01.2019","https://reyestr.court.gov.ua/Review/93119067","ok",""
"810/2017/16","01.01.2019","https://reyestr.court.gov.ua/Review/93149548","ok",""
"809/984/18","01.01.2019","https://reyestr.court.gov.ua/Review/93149559","ok",""
"501/680/17","01.01.2019","https://reyestr.court.gov.ua/Review/93170339","ok",""
"826/3508/17","01.01.2019","https://reyestr.court.gov.ua/Review/93170381","ok",""
"480/3105/19","01.01.2019","https://reyestr.court.gov.ua/Review/93170938","ok",""
"908/420/20","01.01.2019","https://reyestr.court.gov.ua/Review/93229399","ok",""
"818/900/17","01.01.2019","https://reyestr.court.gov.ua/Review/93267848","ok",""
"805/430/18","01.01.2019","https://reyestr.court.gov.ua/Review/93267893","ok",""
"160/8503/18","01.01.2019","https://reyestr.court.gov.ua/Review/93301910","ok",""
"9901/15869/20","01.01.2019","https://reyestr.court.gov.ua/Review/93373367","ok",""
"910/15715/19","01.01.2019","https://reyestr.court.gov.ua/Review/93399199","ok",""
"500/2486/19","01.01.2019","https://reyestr.court.gov.ua/Review/93404515","ok",""
"826/12937/17","01.01.2019","https://reyestr.court.gov.ua/Review/93404546","ok",""
"300/178/20","01.01.2019","https://reyestr.court.gov.ua/Review/93404567","ok",""
"914/2964/13","01.01.2019","https://reyestr.court.gov.ua/Review/93437556","ok",""
"580/492/19","01.01.2019","https://reyestr.court.gov.ua/Review/93437818","ok",""
"826/11282/17","01.01.2019","https://reyestr.court.gov.ua/Review/93437855","ok",""
"279/44/20","01.01.2019","https://reyestr.court.gov.ua/Review/93472096","ok",""
"200/10820/19","01.01.2019","https://reyestr.court.gov.ua/Review/93504630","ok",""
"200/5680/19","01.01.2019","https://reyestr.court.gov.ua/Review/93504632","ok",""
"816/4839/15","01.01.2019","https://reyestr.court.gov.ua/Review/93541390","ok",""
"910/7610/20","01.01.2019","https://reyestr.court.gov.ua/Review/93558967","ok",""
"569/11722/16","01.01.2019","https://reyestr.court.gov.ua/Review/93564592","ok",""
"911/4670/13","01.01.2019","https://reyestr.court.gov.ua/Review/93624153","ok",""
"910/11857/20","01.01.2019","https://reyestr.court.gov.ua/Review/93624154","ok",""
"820/2772/16","01.01.2019","https://reyestr.court.gov.ua/Review/93630477","ok",""
"440/1775/19","01.01.2019","https://reyestr.court.gov.ua/Review/93666525","ok",""
"925/382/20","22.12.2020","https://reyestr.court.gov.ua/Review/93701495","ok",""
"826/17367/17","01.01.2019","https://reyestr.court.gov.ua/Review/93708447","ok",""
"260/1743/19","01.01.2019","https://reyestr.court.gov.ua/Review/93708687","ok",""
"914/2259/17","23.12.2020","https://reyestr.court.gov.ua/Review/93742884","ok",""
"296/5522/17","01.01.2019","https://reyestr.court.gov.ua/Review/93749185","ok",""
"9901/16571/19","01.01.2019","https://reyestr.court.gov.ua/Review/93749186","ok",""
"640/18421/19","01.01.2019","https://reyestr.court.gov.ua/Review/94022403","ok",""
"820/5045/18","01.01.2019","https://reyestr.court.gov.ua/Review/94044027","ok",""
"757/13243/17","13.01.2021","https://reyestr.court.gov.ua/Review/94071331","ok",""
"495/1416/17","01.01.2019","https://reyestr.court.gov.ua/Review/94171728","ok",""
"520/7846/17","01.01.2019","https://reyestr.court.gov.ua/Review/94171730","ok",""
"524/6178/16","01.01.2019","https://reyestr.court.gov.ua/Review/94200449","ok",""
"160/10875/19","01.01.2019","https://reyestr.court.gov.ua/Review/94237142","ok",""
"813/3676/16","01.01.2019","https://reyestr.court.gov.ua/Review/94237211","ok",""
"607/27/17","01.01.2019","https://reyestr.court.gov.ua/Review/94237618","ok",""
"588/647/17","01.01.2019","https://reyestr.court.gov.ua/Review/94264219","ok",""
"826/26732/15","01.01.2019","https://reyestr.court.gov.ua/Review/94264459","ok",""
"520/11723/18","01.01.2019","https://reyestr.court.gov.ua/Review/94296642","ok",""
"510/1286/16","01.01.2019","https://reyestr.court.gov.ua/Review/94345945","ok",""
"440/2722/20","01.01.2019","https://reyestr.court.gov.ua/Review/94377739","ok",""
"801/9330/13","01.01.2019","https://reyestr.court.gov.ua/Review/94511869","ok",""
"0940/2276/18","01.01.2019","https://reyestr.court.gov.ua/Review/94525431","ok",""
"519/41/20","01.01.2019","https://reyestr.court.gov.ua/Review/94623720","ok",""
"953/21593/19","01.01.2019","https://reyestr.court.gov.ua/Review/94623743","ok",""
"405/1316/20","01.01.2019","https://reyestr.court.gov.ua/Review/94623745","ok",""
"640/4713/19","01.01.2019","https://reyestr.court.gov.ua/Review/94696730","ok",""
"804/3589/16","01.01.2019","https://reyestr.court.gov.ua/Review/94737553","ok",""
"806/2209/16","01.01.2019","https://reyestr.court.gov.ua/Review/94737562","ok",""
"722/1228/20","01.01.2019","https://reyestr.court.gov.ua/Review/94737931","ok",""
"721/265/17","01.01.2019","https://reyestr.court.gov.ua/Review/94738004","ok",""
"810/1548/17","01.01.2019","https://reyestr.court.gov.ua/Review/94802963","ok",""
"916/1415/19","01.01.2019","https://reyestr.court.gov.ua/Review/94803669","ok",""
"916/661/20","01.01.2019","https://reyestr.court.gov.ua/Review/94803670","ok",""
"233/147/17","01.01.2019","https://reyestr.court.gov.ua/Review/94833433","ok",""
"240/532/20","01.01.2019","https://reyestr.court.gov.ua/Review/94840192","ok",""
"161/20070/19","01.01.2019","https://reyestr.court.gov.ua/Review/94874087","ok",""
"739/1881/19","01.01.2019","https://reyestr.court.gov.ua/Review/94938784","ok",""
"390/235/19","01.01.2019","https://reyestr.court.gov.ua/Review/94974219","ok",""
"133/3337/19","01.01.2019","https://reyestr.court.gov.ua/Review/95042418","ok",""
"760/26543/17","01.01.2019","https://reyestr.court.gov.ua/Review/95042469","ok",""
"607/17230/19","01.01.2019","https://reyestr.court.gov.ua/Review/95067269","ok",""
"335/11310/15","01.01.2019","https://reyestr.court.gov.ua/Review/95067334","ok",""
"127/17123/19","01.01.2019","https://reyestr.court.gov.ua/Review/95067338","ok",""
"810/3541/17","01.01.2019","https://reyestr.court.gov.ua/Review/95138802","ok",""
"395/773/18","01.01.2019","https://reyestr.court.gov.ua/Review/95139607","ok",""
"481/1754/18","01.01.2019","https://reyestr.court.gov.ua/Review/95139631","ok",""
"754/7061/15","01.01.2019","https://reyestr.court.gov.ua/Review/95139651","ok",""
"804/7691/16","01.01.2019","https://reyestr.court.gov.ua/Review/95177463","ok",""
"791/130/17","01.01.2019","https://reyestr.court.gov.ua/Review/95213421","ok",""
"397/42/20","01.01.2019","https://reyestr.court.gov.ua/Review/95213476","ok",""
"761/10710/20","01.01.2019","https://reyestr.court.gov.ua/Review/95213501","ok",""
"580/3469/19","01.01.2019","https://reyestr.court.gov.ua/Review/95240811","ok",""
"192/3301/16","01.01.2019","https://reyestr.court.gov.ua/Review/95242104","ok",""
"805/3923/18","01.01.2019","https://reyestr.court.gov.ua/Review/95277911","ok",""
"703/2432/17","01.01.2019","https://reyestr.court.gov.ua/Review/95315762","ok",""
"812/1244/17","01.01.2019","https://reyestr.court.gov.ua/Review/95364203","ok",""
"826/7558/18","01.01.2019","https://reyestr.court.gov.ua/Review/95364230","ok",""
"804/8054/17","01.01.2019","https://reyestr.court.gov.ua/Review/95382413","ok",""
"826/16699/16","01.01.2019","https://reyestr.court.gov.ua/Review/95493233","ok",""
"808/3837/16","01.01.2019","https://reyestr.court.gov.ua/Review/95494647","ok",""
"826/12552/18","01.01.2019","https://reyestr.court.gov.ua/Review/95509155","ok",""
"826/12668/17","01.01.2019","https://reyestr.court.gov.ua/Review/95579935","ok",""
"9901/32387/20","01.01.2019","https://reyestr.court.gov.ua/Review/95580195","ok",""
"200/10028/19","01.01.2019","https://reyestr.court.gov.ua/Review/95616248","ok",""
"820/6288/17","01.01.2019","https://reyestr.court.gov.ua/Review/95653835","ok",""
"804/2577/17","01.01.2019","https://reyestr.court.gov.ua/Review/95653846","ok",""
"708/1077/19","01.01.2019","https://reyestr.court.gov.ua/Review/96377367","ok",""
"910/7610/20","01.01.2019","https://reyestr.court.gov.ua/Review/98140077","ok",""